{
  "intra_similarity": {
    "Anger": {
      "cosine": 0.9590667486190796,
      "l2": 10.636839866638184
    },
    "Contempt": {
      "cosine": 0.9722849726676941,
      "l2": 5.097557067871094
    },
    "Disgust": {
      "cosine": 0.956180989742279,
      "l2": 7.2988972663879395
    },
    "Fear": {
      "cosine": 0.9519653916358948,
      "l2": 5.385884761810303
    },
    "Happiness": {
      "cosine": 0.9637351036071777,
      "l2": 9.911221504211426
    },
    "Neutral": {
      "cosine": 0.9586211442947388,
      "l2": 8.752601623535156
    },
    "Sadness": {
      "cosine": 0.9485346078872681,
      "l2": 11.832865715026855
    },
    "Surprise": {
      "cosine": 0.9512147903442383,
      "l2": 11.64543628692627
    },
    "Other": {
      "cosine": 0.9528182148933411,
      "l2": 10.931705474853516
    }
  },
  "inter_similarity": {
    "Anger-Contempt": {
      "cosine": 0.9541985392570496,
      "l2": 9.033934593200684
    },
    "Anger-Disgust": {
      "cosine": 0.9378330111503601,
      "l2": 9.797913551330566
    },
    "Anger-Fear": {
      "cosine": 0.8996849656105042,
      "l2": 10.788175582885742
    },
    "Anger-Happiness": {
      "cosine": 0.905208170413971,
      "l2": 11.925475120544434
    },
    "Anger-Neutral": {
      "cosine": 0.9114571213722229,
      "l2": 12.832047462463379
    },
    "Anger-Sadness": {
      "cosine": 0.9000115990638733,
      "l2": 12.779777526855469
    },
    "Anger-Surprise": {
      "cosine": 0.9217111468315125,
      "l2": 12.1093111038208
    },
    "Anger-Other": {
      "cosine": 0.9189573526382446,
      "l2": 11.89547348022461
    },
    "Contempt-Disgust": {
      "cosine": 0.9496698379516602,
      "l2": 6.792090892791748
    },
    "Contempt-Fear": {
      "cosine": 0.9043184518814087,
      "l2": 6.756918430328369
    },
    "Contempt-Happiness": {
      "cosine": 0.9095951318740845,
      "l2": 9.62060832977295
    },
    "Contempt-Neutral": {
      "cosine": 0.9313597083091736,
      "l2": 8.317224502563477
    },
    "Contempt-Sadness": {
      "cosine": 0.9077126383781433,
      "l2": 10.015846252441406
    },
    "Contempt-Surprise": {
      "cosine": 0.9208120107650757,
      "l2": 10.11318302154541
    },
    "Contempt-Other": {
      "cosine": 0.9327465295791626,
      "l2": 9.189135551452637
    },
    "Disgust-Fear": {
      "cosine": 0.9142078757286072,
      "l2": 7.8628950119018555
    },
    "Disgust-Happiness": {
      "cosine": 0.8884332776069641,
      "l2": 10.631914138793945
    },
    "Disgust-Neutral": {
      "cosine": 0.8945040702819824,
      "l2": 10.369274139404297
    },
    "Disgust-Sadness": {
      "cosine": 0.9056437015533447,
      "l2": 10.785552978515625
    },
    "Disgust-Surprise": {
      "cosine": 0.9140068292617798,
      "l2": 10.731027603149414
    },
    "Disgust-Other": {
      "cosine": 0.9143915176391602,
      "l2": 10.247049331665039
    },
    "Fear-Happiness": {
      "cosine": 0.8815965056419373,
      "l2": 10.566214561462402
    },
    "Fear-Neutral": {
      "cosine": 0.8945893049240112,
      "l2": 8.198824882507324
    },
    "Fear-Sadness": {
      "cosine": 0.9232301115989685,
      "l2": 9.924148559570312
    },
    "Fear-Surprise": {
      "cosine": 0.8982466459274292,
      "l2": 10.944464683532715
    },
    "Fear-Other": {
      "cosine": 0.9170168042182922,
      "l2": 9.899811744689941
    },
    "Happiness-Neutral": {
      "cosine": 0.9314733743667603,
      "l2": 11.960103988647461
    },
    "Happiness-Sadness": {
      "cosine": 0.8860753774642944,
      "l2": 12.748183250427246
    },
    "Happiness-Surprise": {
      "cosine": 0.9299099445343018,
      "l2": 11.62487506866455
    },
    "Happiness-Other": {
      "cosine": 0.9046958088874817,
      "l2": 11.882532119750977
    },
    "Neutral-Sadness": {
      "cosine": 0.9085474014282227,
      "l2": 12.26217269897461
    },
    "Neutral-Surprise": {
      "cosine": 0.9105498790740967,
      "l2": 12.93709659576416
    },
    "Neutral-Other": {
      "cosine": 0.9280409216880798,
      "l2": 11.876206398010254
    },
    "Sadness-Surprise": {
      "cosine": 0.8837872743606567,
      "l2": 13.403170585632324
    },
    "Sadness-Other": {
      "cosine": 0.9182974696159363,
      "l2": 12.214275360107422
    },
    "Surprise-Other": {
      "cosine": 0.9208782315254211,
      "l2": 12.129768371582031
    }
  },
  "prototype_similarity": {
    "Anger-Contempt": {
      "cosine": 0.8792551755905151,
      "l2": 18.053173065185547
    },
    "Anger-Disgust": {
      "cosine": 0.8262593150138855,
      "l2": 16.018600463867188
    },
    "Anger-Fear": {
      "cosine": 0.7482568621635437,
      "l2": 20.839773178100586
    },
    "Anger-Happiness": {
      "cosine": 0.9326256513595581,
      "l2": 16.07730484008789
    },
    "Anger-Neutral": {
      "cosine": 0.9380506277084351,
      "l2": 21.452102661132812
    },
    "Anger-Sadness": {
      "cosine": 0.7810138463973999,
      "l2": 18.96720314025879
    },
    "Anger-Surprise": {
      "cosine": 0.8773311972618103,
      "l2": 16.03980255126953
    },
    "Anger-Other": {
      "cosine": 0.9046586155891418,
      "l2": 11.626601219177246
    },
    "Contempt-Disgust": {
      "cosine": 0.9316493272781372,
      "l2": 8.09559440612793
    },
    "Contempt-Fear": {
      "cosine": 0.8647434115409851,
      "l2": 5.586149215698242
    },
    "Contempt-Happiness": {
      "cosine": 0.8513143658638,
      "l2": 6.547517776489258
    },
    "Contempt-Neutral": {
      "cosine": 0.8922802209854126,
      "l2": 6.333892345428467
    },
    "Contempt-Sadness": {
      "cosine": 0.8778231739997864,
      "l2": 20.689607620239258
    },
    "Contempt-Surprise": {
      "cosine": 0.8831578493118286,
      "l2": 6.869382381439209
    },
    "Contempt-Other": {
      "cosine": 0.9364959001541138,
      "l2": 13.082186698913574
    },
    "Disgust-Fear": {
      "cosine": 0.7978285551071167,
      "l2": 11.302550315856934
    },
    "Disgust-Happiness": {
      "cosine": 0.8233053088188171,
      "l2": 10.038825035095215
    },
    "Disgust-Neutral": {
      "cosine": 0.793611466884613,
      "l2": 13.094789505004883
    },
    "Disgust-Sadness": {
      "cosine": 0.8363821506500244,
      "l2": 17.95652198791504
    },
    "Disgust-Surprise": {
      "cosine": 0.8621644973754883,
      "l2": 8.830872535705566
    },
    "Disgust-Other": {
      "cosine": 0.8879798650741577,
      "l2": 10.941302299499512
    },
    "Fear-Happiness": {
      "cosine": 0.7813461422920227,
      "l2": 7.763124942779541
    },
    "Fear-Neutral": {
      "cosine": 0.784327507019043,
      "l2": 6.150656223297119
    },
    "Fear-Sadness": {
      "cosine": 0.8553545475006104,
      "l2": 22.094871520996094
    },
    "Fear-Surprise": {
      "cosine": 0.8121607303619385,
      "l2": 8.5711669921875
    },
    "Fear-Other": {
      "cosine": 0.8595798015594482,
      "l2": 15.436537742614746
    },
    "Happiness-Neutral": {
      "cosine": 0.9161814451217651,
      "l2": 7.298079490661621
    },
    "Happiness-Sadness": {
      "cosine": 0.7591037750244141,
      "l2": 21.868337631225586
    },
    "Happiness-Surprise": {
      "cosine": 0.925937294960022,
      "l2": 5.4559102058410645
    },
    "Happiness-Other": {
      "cosine": 0.871243953704834,
      "l2": 13.523797035217285
    },
    "Neutral-Sadness": {
      "cosine": 0.8147315382957458,
      "l2": 25.06259536743164
    },
    "Neutral-Surprise": {
      "cosine": 0.8284686803817749,
      "l2": 9.8699369430542
    },
    "Neutral-Other": {
      "cosine": 0.8988355398178101,
      "l2": 17.653732299804688
    },
    "Sadness-Surprise": {
      "cosine": 0.7600356936454773,
      "l2": 21.05323028564453
    },
    "Sadness-Other": {
      "cosine": 0.9439013600349426,
      "l2": 11.109291076660156
    },
    "Surprise-Other": {
      "cosine": 0.8883872032165527,
      "l2": 12.134184837341309
    }
  }
}