{
  "intra_similarity": {
    "Anger": {
      "cosine": 0.04093325138092041,
      "l2": 10.636839866638184
    },
    "Contempt": {
      "cosine": 0.027715027332305908,
      "l2": 5.097557067871094
    },
    "Disgust": {
      "cosine": 0.04381901025772095,
      "l2": 7.2988972663879395
    },
    "Fear": {
      "cosine": 0.048034608364105225,
      "l2": 5.385884761810303
    },
    "Happiness": {
      "cosine": 0.036264896392822266,
      "l2": 9.911221504211426
    },
    "Neutral": {
      "cosine": 0.04137885570526123,
      "l2": 8.752601623535156
    },
    "Sadness": {
      "cosine": 0.051465392112731934,
      "l2": 11.832865715026855
    },
    "Surprise": {
      "cosine": 0.04878520965576172,
      "l2": 11.64543628692627
    },
    "Other": {
      "cosine": 0.047181785106658936,
      "l2": 10.931705474853516
    }
  },
  "inter_similarity": {
    "Anger-Contempt": {
      "cosine": 0.04580146074295044,
      "l2": 9.033934593200684
    },
    "Anger-Disgust": {
      "cosine": 0.06216698884963989,
      "l2": 9.797913551330566
    },
    "Anger-Fear": {
      "cosine": 0.10031503438949585,
      "l2": 10.788175582885742
    },
    "Anger-Happiness": {
      "cosine": 0.09479182958602905,
      "l2": 11.925475120544434
    },
    "Anger-Neutral": {
      "cosine": 0.0885428786277771,
      "l2": 12.832047462463379
    },
    "Anger-Sadness": {
      "cosine": 0.09998840093612671,
      "l2": 12.779777526855469
    },
    "Anger-Surprise": {
      "cosine": 0.07828885316848755,
      "l2": 12.1093111038208
    },
    "Anger-Other": {
      "cosine": 0.08104264736175537,
      "l2": 11.89547348022461
    },
    "Contempt-Disgust": {
      "cosine": 0.050330162048339844,
      "l2": 6.792090892791748
    },
    "Contempt-Fear": {
      "cosine": 0.09568154811859131,
      "l2": 6.756918430328369
    },
    "Contempt-Happiness": {
      "cosine": 0.09040486812591553,
      "l2": 9.62060832977295
    },
    "Contempt-Neutral": {
      "cosine": 0.06864029169082642,
      "l2": 8.317224502563477
    },
    "Contempt-Sadness": {
      "cosine": 0.09228736162185669,
      "l2": 10.015846252441406
    },
    "Contempt-Surprise": {
      "cosine": 0.07918798923492432,
      "l2": 10.11318302154541
    },
    "Contempt-Other": {
      "cosine": 0.0672534704208374,
      "l2": 9.189135551452637
    },
    "Disgust-Fear": {
      "cosine": 0.08579212427139282,
      "l2": 7.8628950119018555
    },
    "Disgust-Happiness": {
      "cosine": 0.11156672239303589,
      "l2": 10.631914138793945
    },
    "Disgust-Neutral": {
      "cosine": 0.10549592971801758,
      "l2": 10.369274139404297
    },
    "Disgust-Sadness": {
      "cosine": 0.09435629844665527,
      "l2": 10.785552978515625
    },
    "Disgust-Surprise": {
      "cosine": 0.08599317073822021,
      "l2": 10.731027603149414
    },
    "Disgust-Other": {
      "cosine": 0.08560848236083984,
      "l2": 10.247049331665039
    },
    "Fear-Happiness": {
      "cosine": 0.11840349435806274,
      "l2": 10.566214561462402
    },
    "Fear-Neutral": {
      "cosine": 0.10541069507598877,
      "l2": 8.198824882507324
    },
    "Fear-Sadness": {
      "cosine": 0.0767698884010315,
      "l2": 9.924148559570312
    },
    "Fear-Surprise": {
      "cosine": 0.1017533540725708,
      "l2": 10.944464683532715
    },
    "Fear-Other": {
      "cosine": 0.08298319578170776,
      "l2": 9.899811744689941
    },
    "Happiness-Neutral": {
      "cosine": 0.06852662563323975,
      "l2": 11.960103988647461
    },
    "Happiness-Sadness": {
      "cosine": 0.11392462253570557,
      "l2": 12.748183250427246
    },
    "Happiness-Surprise": {
      "cosine": 0.07009005546569824,
      "l2": 11.62487506866455
    },
    "Happiness-Other": {
      "cosine": 0.09530419111251831,
      "l2": 11.882532119750977
    },
    "Neutral-Sadness": {
      "cosine": 0.09145259857177734,
      "l2": 12.26217269897461
    },
    "Neutral-Surprise": {
      "cosine": 0.08945012092590332,
      "l2": 12.93709659576416
    },
    "Neutral-Other": {
      "cosine": 0.07195907831192017,
      "l2": 11.876206398010254
    },
    "Sadness-Surprise": {
      "cosine": 0.11621272563934326,
      "l2": 13.403170585632324
    },
    "Sadness-Other": {
      "cosine": 0.08170253038406372,
      "l2": 12.214275360107422
    },
    "Surprise-Other": {
      "cosine": 0.07912176847457886,
      "l2": 12.129768371582031
    }
  },
  "prototype_similarity": {
    "Anger-Contempt": {
      "cosine": 0.013580679893493652,
      "l2": 5.515744686126709
    },
    "Anger-Disgust": {
      "cosine": 0.02547597885131836,
      "l2": 4.666783809661865
    },
    "Anger-Fear": {
      "cosine": 0.06558078527450562,
      "l2": 8.339648246765137
    },
    "Anger-Happiness": {
      "cosine": 0.0618404746055603,
      "l2": 5.738903045654297
    },
    "Anger-Neutral": {
      "cosine": 0.0553278923034668,
      "l2": 7.481574535369873
    },
    "Anger-Sadness": {
      "cosine": 0.061741769313812256,
      "l2": 5.724551200866699
    },
    "Anger-Surprise": {
      "cosine": 0.03808176517486572,
      "l2": 4.540632247924805
    },
    "Anger-Other": {
      "cosine": 0.04531455039978027,
      "l2": 4.933365345001221
    },
    "Contempt-Disgust": {
      "cosine": 0.017886638641357422,
      "l2": 2.9312150478363037
    },
    "Contempt-Fear": {
      "cosine": 0.06476008892059326,
      "l2": 4.25061559677124
    },
    "Contempt-Happiness": {
      "cosine": 0.06694573163986206,
      "l2": 6.658168315887451
    },
    "Contempt-Neutral": {
      "cosine": 0.046274542808532715,
      "l2": 3.4959254264831543
    },
    "Contempt-Sadness": {
      "cosine": 0.06074059009552002,
      "l2": 5.924304485321045
    },
    "Contempt-Surprise": {
      "cosine": 0.049489617347717285,
      "l2": 6.4947381019592285
    },
    "Contempt-Other": {
      "cosine": 0.03733861446380615,
      "l2": 5.3312458992004395
    },
    "Disgust-Fear": {
      "cosine": 0.04788786172866821,
      "l2": 5.1059651374816895
    },
    "Disgust-Happiness": {
      "cosine": 0.08792924880981445,
      "l2": 6.662252426147461
    },
    "Disgust-Neutral": {
      "cosine": 0.0869787335395813,
      "l2": 5.662153244018555
    },
    "Disgust-Sadness": {
      "cosine": 0.06026577949523926,
      "l2": 5.305306434631348
    },
    "Disgust-Surprise": {
      "cosine": 0.052237868309020996,
      "l2": 5.673679351806641
    },
    "Disgust-Other": {
      "cosine": 0.05519235134124756,
      "l2": 5.204745769500732
    },
    "Fear-Happiness": {
      "cosine": 0.08766388893127441,
      "l2": 8.232662200927734
    },
    "Fear-Neutral": {
      "cosine": 0.07766354084014893,
      "l2": 4.041868209838867
    },
    "Fear-Sadness": {
      "cosine": 0.034102559089660645,
      "l2": 6.49705696105957
    },
    "Fear-Surprise": {
      "cosine": 0.06619048118591309,
      "l2": 8.194622993469238
    },
    "Fear-Other": {
      "cosine": 0.04410427808761597,
      "l2": 6.879960060119629
    },
    "Happiness-Neutral": {
      "cosine": 0.03353393077850342,
      "l2": 6.4293437004089355
    },
    "Happiness-Sadness": {
      "cosine": 0.07931733131408691,
      "l2": 6.247825622558594
    },
    "Happiness-Surprise": {
      "cosine": 0.03277319669723511,
      "l2": 4.154868125915527
    },
    "Happiness-Other": {
      "cosine": 0.06042027473449707,
      "l2": 5.475219249725342
    },
    "Neutral-Sadness": {
      "cosine": 0.04925417900085449,
      "l2": 6.194314479827881
    },
    "Neutral-Surprise": {
      "cosine": 0.05764961242675781,
      "l2": 7.383264541625977
    },
    "Neutral-Other": {
      "cosine": 0.032864928245544434,
      "l2": 5.917262554168701
    },
    "Sadness-Surprise": {
      "cosine": 0.07764297723770142,
      "l2": 6.3201823234558105
    },
    "Sadness-Other": {
      "cosine": 0.0327380895614624,
      "l2": 3.9215831756591797
    },
    "Surprise-Other": {
      "cosine": 0.03980815410614014,