{
  "intra_similarity": {
    "Anger": {
      "cosine": 0.9590667486190796,
      "l2": 10.636839866638184
    },
    "Contempt": {
      "cosine": 0.9722849726676941,
      "l2": 5.097557067871094
    },
    "Disgust": {
      "cosine": 0.956180989742279,
      "l2": 7.2988972663879395
    },
    "Fear": {
      "cosine": 0.9519653916358948,
      "l2": 5.385884761810303
    },
    "Happiness": {
      "cosine": 0.9637351036071777,
      "l2": 9.911221504211426
    },
    "Neutral": {
      "cosine": 0.9586211442947388,
      "l2": 8.752601623535156
    },
    "Sadness": {
      "cosine": 0.9485346078872681,
      "l2": 11.832865715026855
    },
    "Surprise": {
      "cosine": 0.9512147903442383,
      "l2": 11.64543628692627
    },
    "Other": {
      "cosine": 0.9528182148933411,
      "l2": 10.931705474853516
    }
  },
  "inter_similarity": {
    "Anger-Contempt": {
      "cosine": 0.9541985392570496,
      "l2": 9.033934593200684
    },
    "Anger-Disgust": {
      "cosine": 0.9378330111503601,
      "l2": 9.797913551330566
    },
    "Anger-Fear": {
      "cosine": 0.8996849656105042,
      "l2": 10.788175582885742
    },
    "Anger-Happiness": {
      "cosine": 0.905208170413971,
      "l2": 11.925475120544434
    },
    "Anger-Neutral": {
      "cosine": 0.9114571213722229,
      "l2": 12.832047462463379
    },
    "Anger-Sadness": {
      "cosine": 0.9000115990638733,
      "l2": 12.779777526855469
    },
    "Anger-Surprise": {
      "cosine": 0.9217111468315125,
      "l2": 12.1093111038208
    },
    "Anger-Other": {
      "cosine": 0.9189573526382446,
      "l2": 11.89547348022461
    },
    "Contempt-Disgust": {
      "cosine": 0.9496698379516602,
      "l2": 6.792090892791748
    },
    "Contempt-Fear": {
      "cosine": 0.9043184518814087,
      "l2": 6.756918430328369
    },
    "Contempt-Happiness": {
      "cosine": 0.9095951318740845,
      "l2": 9.62060832977295
    },
    "Contempt-Neutral": {
      "cosine": 0.9313597083091736,
      "l2": 8.317224502563477
    },
    "Contempt-Sadness": {
      "cosine": 0.9077126383781433,
      "l2": 10.015846252441406
    },
    "Contempt-Surprise": {
      "cosine": 0.9208120107650757,
      "l2": 10.11318302154541
    },
    "Contempt-Other": {
      "cosine": 0.9327465295791626,
      "l2": 9.189135551452637
    },
    "Disgust-Fear": {
      "cosine": 0.9142078757286072,
      "l2": 7.8628950119018555
    },
    "Disgust-Happiness": {
      "cosine": 0.8884332776069641,
      "l2": 10.631914138793945
    },
    "Disgust-Neutral": {
      "cosine": 0.8945040702819824,
      "l2": 10.369274139404297
    },
    "Disgust-Sadness": {
      "cosine": 0.9056437015533447,
      "l2": 10.785552978515625
    },
    "Disgust-Surprise": {
      "cosine": 0.9140068292617798,
      "l2": 10.731027603149414
    },
    "Disgust-Other": {
      "cosine": 0.9143915176391602,
      "l2": 10.247049331665039
    },
    "Fear-Happiness": {
      "cosine": 0.8815965056419373,
      "l2": 10.566214561462402
    },
    "Fear-Neutral": {
      "cosine": 0.8945893049240112,
      "l2": 8.198824882507324
    },
    "Fear-Sadness": {
      "cosine": 0.9232301115989685,
      "l2": 9.924148559570312
    },
    "Fear-Surprise": {
      "cosine": 0.8982466459274292,
      "l2": 10.944464683532715
    },
    "Fear-Other": {
      "cosine": 0.9170168042182922,
      "l2": 9.899811744689941
    },
    "Happiness-Neutral": {
      "cosine": 0.9314733743667603,
      "l2": 11.960103988647461
    },
    "Happiness-Sadness": {
      "cosine": 0.8860753774642944,
      "l2": 12.748183250427246
    },
    "Happiness-Surprise": {
      "cosine": 0.9299099445343018,
      "l2": 11.62487506866455
    },
    "Happiness-Other": {
      "cosine": 0.9046958088874817,
      "l2": 11.882532119750977
    },
    "Neutral-Sadness": {
      "cosine": 0.9085474014282227,
      "l2": 12.26217269897461
    },
    "Neutral-Surprise": {
      "cosine": 0.9105498790740967,
      "l2": 12.93709659576416
    },
    "Neutral-Other": {
      "cosine": 0.9280409216880798,
      "l2": 11.876206398010254
    },
    "Sadness-Surprise": {
      "cosine": 0.8837872743606567,
      "l2": 13.403170585632324
    },
    "Sadness-Other": {
      "cosine": 0.9182974696159363,
      "l2": 12.214275360107422
    },
    "Surprise-Other": {
      "cosine": 0.9208782315254211,
      "l2": 12.129768371582031
    }
  },
  "prototype_similarity": {
    "Anger-Contempt": {
      "cosine": 0.9014594554901123,
      "l2": 8.588773727416992
    },
    "Anger-Disgust": {
      "cosine": 0.9449169039726257,
      "l2": 7.805952548980713
    },
    "Anger-Fear": {
      "cosine": 0.9127161502838135,
      "l2": 11.629817962646484
    },
    "Anger-Happiness": {
      "cosine": 0.8859032988548279,
      "l2": 9.881403923034668
    },
    "Anger-Neutral": {
      "cosine": 0.9456585049629211,
      "l2": 14.415095329284668
    },
    "Anger-Sadness": {
      "cosine": 0.9073014259338379,
      "l2": 8.599809646606445
    },
    "Anger-Surprise": {
      "cosine": 0.8856291770935059,
      "l2": 12.211713790893555
    },
    "Anger-Other": {
      "cosine": 0.8840447664260864,
      "l2": 11.279571533203125
    },
    "Contempt-Disgust": {
      "cosine": 0.9319324493408203,
      "l2": 6.287820816040039
    },
    "Contempt-Fear": {
      "cosine": 0.813862144947052,
      "l2": 10.623408317565918
    },
    "Contempt-Happiness": {
      "cosine": 0.8595695495605469,
      "l2": 8.650391578674316
    },
    "Contempt-Neutral": {
      "cosine": 0.9210087060928345,
      "l2": 11.786328315734863
    },
    "Contempt-Sadness": {
      "cosine": 0.8944420218467712,
      "l2": 9.09487247467041
    },
    "Contempt-Surprise": {
      "cosine": 0.8652795553207397,
      "l2": 9.922709465026855
    },
    "Contempt-Other": {
      "cosine": 0.9225715398788452,
      "l2": 7.9772114753723145
    },
    "Disgust-Fear": {
      "cosine": 0.8549764156341553,
      "l2": 7.8258256912231445
    },
    "Disgust-Happiness": {
      "cosine": 0.9280903339385986,
      "l2": 5.333181381225586
    },
    "Disgust-Neutral": {
      "cosine": 0.9216132164001465,
      "l2": 9.232227325439453
    },
    "Disgust-Sadness": {
      "cosine": 0.8822596073150635,
      "l2": 10.132166862487793
    },
    "Disgust-Surprise": {
      "cosine": 0.9389545321464539,
      "l2": 6.320760250091553
    },
    "Disgust-Other": {
      "cosine": 0.893123984336853,
      "l2": 6.656557559967041
    },
    "Fear-Happiness": {
      "cosine": 0.774448037147522,
      "l2": 8.758143424987793
    },
    "Fear-Neutral": {
      "cosine": 0.8972220420837402,
      "l2": 5.137155532836914
    },
    "Fear-Sadness": {
      "cosine": 0.8025950193405151,
      "l2": 13.704767227172852
    },
    "Fear-Surprise": {
      "cosine": 0.7869489789009094,
      "l2": 6.2113847732543945
    },
    "Fear-Other": {
      "cosine": 0.8736779689788818,
      "l2": 5.324489116668701
    },
    "Happiness-Neutral": {
      "cosine": 0.9162623882293701,
      "l2": 8.790124893188477
    },
    "Happiness-Sadness": {
      "cosine": 0.8750487565994263,
      "l2": 10.511799812316895
    },
    "Happiness-Surprise": {
      "cosine": 0.9236724376678467,
      "l2": 6.217606544494629
    },
    "Happiness-Other": {
      "cosine": 0.8325504064559937,
      "l2": 7.632673740386963
    },
    "Neutral-Sadness": {
      "cosine": 0.9368487596511841,
      "l2": 14.920124053955078
    },
    "Neutral-Surprise": {
      "cosine": 0.8904765844345093,
      "l2": 5.015573501586914
    },
    "Neutral-Other": {
      "cosine": 0.944599986076355,
      "l2": 5.829037189483643
    },
    "Sadness-Surprise": {
      "cosine": 0.8261330127716064,
      "l2": 13.48735523223877
    },
    "Sadness-Other": {
      "cosine": 0.8660731315612793,
      "l2": 12.008453369140625
    },
    "Surprise-Other": {
      "cosine": 0.8691902160644531,
      "l2": 5.412609100341797
    }
  }
}