{
  "intra_similarity": {
    "Anger": {
      "cosine": 0.04093325138092041,
      "l2": 10.636839866638184
    },
    "Contempt": {
      "cosine": 0.027715027332305908,
      "l2": 5.097557067871094
    },
    "Disgust": {
      "cosine": 0.04381901025772095,
      "l2": 7.2988972663879395
    },
    "Fear": {
      "cosine": 0.048034608364105225,
      "l2": 5.385884761810303
    },
    "Happiness": {
      "cosine": 0.036264896392822266,
      "l2": 9.911221504211426
    },
    "Neutral": {
      "cosine": 0.04137885570526123,
      "l2": 8.752601623535156
    },
    "Sadness": {
      "cosine": 0.051465392112731934,
      "l2": 11.832865715026855
    },
    "Surprise": {
      "cosine": 0.04878520965576172,
      "l2": 11.64543628692627
    },
    "Other": {
      "cosine": 0.047181785106658936,
      "l2": 10.931705474853516
    }
  },
  "inter_similarity": {
    "Anger-Contempt": {
      "cosine": 0.04580146074295044,
      "l2": 9.033934593200684
    },
    "Anger-Disgust": {
      "cosine": 0.06216698884963989,
      "l2": 9.797913551330566
    },
    "Anger-Fear": {
      "cosine": 0.10031503438949585,
      "l2": 10.788175582885742
    },
    "Anger-Happiness": {
      "cosine": 0.09479182958602905,
      "l2": 11.925475120544434
    },
    "Anger-Neutral": {
      "cosine": 0.0885428786277771,
      "l2": 12.832047462463379
    },
    "Anger-Sadness": {
      "cosine": 0.09998840093612671,
      "l2": 12.779777526855469
    },
    "Anger-Surprise": {
      "cosine": 0.07828885316848755,
      "l2": 12.1093111038208
    },
    "Anger-Other": {
      "cosine": 0.08104264736175537,
      "l2": 11.89547348022461
    },
    "Contempt-Disgust": {
      "cosine": 0.050330162048339844,
      "l2": 6.792090892791748
    },
    "Contempt-Fear": {
      "cosine": 0.09568154811859131,
      "l2": 6.756918430328369
    },
    "Contempt-Happiness": {
      "cosine": 0.09040486812591553,
      "l2": 9.62060832977295
    },
    "Contempt-Neutral": {
      "cosine": 0.06864029169082642,
      "l2": 8.317224502563477
    },
    "Contempt-Sadness": {
      "cosine": 0.09228736162185669,
      "l2": 10.015846252441406
    },
    "Contempt-Surprise": {
      "cosine": 0.07918798923492432,
      "l2": 10.11318302154541
    },
    "Contempt-Other": {
      "cosine": 0.0672534704208374,
      "l2": 9.189135551452637
    },
    "Disgust-Fear": {
      "cosine": 0.08579212427139282,
      "l2": 7.8628950119018555
    },
    "Disgust-Happiness": {
      "cosine": 0.11156672239303589,
      "l2": 10.631914138793945
    },
    "Disgust-Neutral": {
      "cosine": 0.10549592971801758,
      "l2": 10.369274139404297
    },
    "Disgust-Sadness": {
      "cosine": 0.09435629844665527,
      "l2": 10.785552978515625
    },
    "Disgust-Surprise": {
      "cosine": 0.08599317073822021,
      "l2": 10.731027603149414
    },
    "Disgust-Other": {
      "cosine": 0.08560848236083984,
      "l2": 10.247049331665039
    },
    "Fear-Happiness": {
      "cosine": 0.11840349435806274,
      "l2": 10.566214561462402
    },
    "Fear-Neutral": {
      "cosine": 0.10541069507598877,
      "l2": 8.198824882507324
    },
    "Fear-Sadness": {
      "cosine": 0.0767698884010315,
      "l2": 9.924148559570312
    },
    "Fear-Surprise": {
      "cosine": 0.1017533540725708,
      "l2": 10.944464683532715
    },
    "Fear-Other": {
      "cosine": 0.08298319578170776,
      "l2": 9.899811744689941
    },
    "Happiness-Neutral": {
      "cosine": 0.06852662563323975,
      "l2": 11.960103988647461
    },
    "Happiness-Sadness": {
      "cosine": 0.11392462253570557,
      "l2": 12.748183250427246
    },
    "Happiness-Surprise": {
      "cosine": 0.07009005546569824,
      "l2": 11.62487506866455
    },
    "Happiness-Other": {
      "cosine": 0.09530419111251831,
      "l2": 11.882532119750977
    },
    "Neutral-Sadness": {
      "cosine": 0.09145259857177734,
      "l2": 12.26217269897461
    },
    "Neutral-Surprise": {
      "cosine": 0.08945012092590332,
      "l2": 12.93709659576416
    },
    "Neutral-Other": {
      "cosine": 0.07195907831192017,
      "l2": 11.876206398010254
    },
    "Sadness-Surprise": {
      "cosine": 0.11621272563934326,
      "l2": 13.403170585632324
    },
    "Sadness-Other": {
      "cosine": 0.08170253038406372,
      "l2": 12.214275360107422
    },
    "Surprise-Other": {
      "cosine": 0.07912176847457886,
      "l2": 12.129768371582031
    }
  },
  "prototype_similarity": {
    "Anger-Contempt": {
      "cosine": 0.06508564949035645,
      "l2": 15.414960861206055
    },
    "Anger-Disgust": {
      "cosine": 0.13455724716186523,
      "l2": 13.790120124816895
    },
    "Anger-Fear": {
      "cosine": 0.08209377527236938,
      "l2": 12.613158226013184
    },
    "Anger-Happiness": {
      "cosine": 0.07320725917816162,
      "l2": 14.136677742004395
    },
    "Anger-Neutral": {
      "cosine": 0.06943953037261963,
      "l2": 19.263559341430664
    },
    "Anger-Sadness": {
      "cosine": 0.1502467393875122,
      "l2": 13.115982055664062
    },
    "Anger-Surprise": {
      "cosine": 0.13348805904388428,
      "l2": 12.364784240722656
    },
    "Anger-Other": {
      "cosine": 0.07128024101257324,
      "l2": 12.747742652893066
    },
    "Contempt-Disgust": {
      "cosine": 0.09216487407684326,
      "l2": 7.124015808105469
    },
    "Contempt-Fear": {
      "cosine": 0.05803990364074707,
      "l2": 5.956014156341553
    },
    "Contempt-Happiness": {
      "cosine": 0.12233471870422363,
      "l2": 5.761353492736816
    },
    "Contempt-Neutral": {
      "cosine": 0.08378612995147705,
      "l2": 5.4281511306762695
    },
    "Contempt-Sadness": {
      "cosine": 0.07084310054779053,
      "l2": 9.888459205627441
    },
    "Contempt-Surprise": {
      "cosine": 0.11959683895111084,
      "l2": 11.574078559875488
    },
    "Contempt-Other": {
      "cosine": 0.06616449356079102,
      "l2": 5.648614406585693
    },
    "Disgust-Fear": {
      "cosine": 0.0794907808303833,
      "l2": 5.887772083282471
    },
    "Disgust-Happiness": {
      "cosine": 0.15003222227096558,
      "l2": 7.91256856918335
    },
    "Disgust-Neutral": {
      "cosine": 0.17451423406600952,
      "l2": 10.699249267578125
    },
    "Disgust-Sadness": {
      "cosine": 0.12577152252197266,
      "l2": 9.136092185974121
    },
    "Disgust-Surprise": {
      "cosine": 0.13602817058563232,
      "l2": 9.996527671813965
    },
    "Disgust-Other": {
      "cosine": 0.15934675931930542,
      "l2": 8.198857307434082
    },
    "Fear-Happiness": {
      "cosine": 0.07600313425064087,
      "l2": 5.7074785232543945
    },
    "Fear-Neutral": {
      "cosine": 0.09588849544525146,
      "l2": 9.58390998840332
    },
    "Fear-Sadness": {
      "cosine": 0.0782172679901123,
      "l2": 7.700896739959717
    },
    "Fear-Surprise": {
      "cosine": 0.06962764263153076,
      "l2": 8.028429985046387
    },
    "Fear-Other": {
      "cosine": 0.07549804449081421,
      "l2": 5.538575172424316
    },
    "Happiness-Neutral": {
      "cosine": 0.1094936728477478,
      "l2": 7.344292163848877
    },
    "Happiness-Sadness": {
      "cosine": 0.1825789213180542,
      "l2": 11.198492050170898
    },
    "Happiness-Surprise": {
      "cosine": 0.13437139987945557,
      "l2": 10.91109561920166
    },
    "Happiness-Other": {
      "cosine": 0.05978953838348389,
      "l2": 4.820198059082031
    },
    "Neutral-Sadness": {
      "cosine": 0.10686403512954712,
      "l2": 13.710102081298828
    },
    "Neutral-Surprise": {
      "cosine": 0.192482590675354,
      "l2": 15.218494415283203
    },
    "Neutral-Other": {
      "cosine": 0.09437441825866699,
      "l2": 8.94967269897461
    },
    "Sadness-Surprise": {
      "cosine": 0.14955949783325195,
      "l2": 10.457134246826172
    },
    "Sadness-Other": {
      "cosine": 0.13465869426727295,
      "l2": 9.605104446411133
    },
    "Surprise-Other": {
      "cosine": 0.06915706396102905,