{
  "intra_similarity": {
    "Anger": {
      "cosine": 0.9590667486190796,
      "l2": 10.636839866638184
    },
    "Contempt": {
      "cosine": 0.9722849726676941,
      "l2": 5.097557067871094
    },
    "Disgust": {
      "cosine": 0.956180989742279,
      "l2": 7.2988972663879395
    },
    "Fear": {
      "cosine": 0.9519653916358948,
      "l2": 5.385884761810303
    },
    "Happiness": {
      "cosine": 0.9637351036071777,
      "l2": 9.911221504211426
    },
    "Neutral": {
      "cosine": 0.9586211442947388,
      "l2": 8.752601623535156
    },
    "Sadness": {
      "cosine": 0.9485346078872681,
      "l2": 11.832865715026855
    },
    "Surprise": {
      "cosine": 0.9512147903442383,
      "l2": 11.64543628692627
    },
    "Other": {
      "cosine": 0.9528182148933411,
      "l2": 10.931705474853516
    }
  },
  "inter_similarity": {
    "Anger-Contempt": {
      "cosine": 0.9541985392570496,
      "l2": 9.033934593200684
    },
    "Anger-Disgust": {
      "cosine": 0.9378330111503601,
      "l2": 9.797913551330566
    },
    "Anger-Fear": {
      "cosine": 0.8996849656105042,
      "l2": 10.788175582885742
    },
    "Anger-Happiness": {
      "cosine": 0.905208170413971,
      "l2": 11.925475120544434
    },
    "Anger-Neutral": {
      "cosine": 0.9114571213722229,
      "l2": 12.832047462463379
    },
    "Anger-Sadness": {
      "cosine": 0.9000115990638733,
      "l2": 12.779777526855469
    },
    "Anger-Surprise": {
      "cosine": 0.9217111468315125,
      "l2": 12.1093111038208
    },
    "Anger-Other": {
      "cosine": 0.9189573526382446,
      "l2": 11.89547348022461
    },
    "Contempt-Disgust": {
      "cosine": 0.9496698379516602,
      "l2": 6.792090892791748
    },
    "Contempt-Fear": {
      "cosine": 0.9043184518814087,
      "l2": 6.756918430328369
    },
    "Contempt-Happiness": {
      "cosine": 0.9095951318740845,
      "l2": 9.62060832977295
    },
    "Contempt-Neutral": {
      "cosine": 0.9313597083091736,
      "l2": 8.317224502563477
    },
    "Contempt-Sadness": {
      "cosine": 0.9077126383781433,
      "l2": 10.015846252441406
    },
    "Contempt-Surprise": {
      "cosine": 0.9208120107650757,
      "l2": 10.11318302154541
    },
    "Contempt-Other": {
      "cosine": 0.9327465295791626,
      "l2": 9.189135551452637
    },
    "Disgust-Fear": {
      "cosine": 0.9142078757286072,
      "l2": 7.8628950119018555
    },
    "Disgust-Happiness": {
      "cosine": 0.8884332776069641,
      "l2": 10.631914138793945
    },
    "Disgust-Neutral": {
      "cosine": 0.8945040702819824,
      "l2": 10.369274139404297
    },
    "Disgust-Sadness": {
      "cosine": 0.9056437015533447,
      "l2": 10.785552978515625
    },
    "Disgust-Surprise": {
      "cosine": 0.9140068292617798,
      "l2": 10.731027603149414
    },
    "Disgust-Other": {
      "cosine": 0.9143915176391602,
      "l2": 10.247049331665039
    },
    "Fear-Happiness": {
      "cosine": 0.8815965056419373,
      "l2": 10.566214561462402
    },
    "Fear-Neutral": {
      "cosine": 0.8945893049240112,
      "l2": 8.198824882507324
    },
    "Fear-Sadness": {
      "cosine": 0.9232301115989685,
      "l2": 9.924148559570312
    },
    "Fear-Surprise": {
      "cosine": 0.8982466459274292,
      "l2": 10.944464683532715
    },
    "Fear-Other": {
      "cosine": 0.9170168042182922,
      "l2": 9.899811744689941
    },
    "Happiness-Neutral": {
      "cosine": 0.9314733743667603,
      "l2": 11.960103988647461
    },
    "Happiness-Sadness": {
      "cosine": 0.8860753774642944,
      "l2": 12.748183250427246
    },
    "Happiness-Surprise": {
      "cosine": 0.9299099445343018,
      "l2": 11.62487506866455
    },
    "Happiness-Other": {
      "cosine": 0.9046958088874817,
      "l2": 11.882532119750977
    },
    "Neutral-Sadness": {
      "cosine": 0.9085474014282227,
      "l2": 12.26217269897461
    },
    "Neutral-Surprise": {
      "cosine": 0.9105498790740967,
      "l2": 12.93709659576416
    },
    "Neutral-Other": {
      "cosine": 0.9280409216880798,
      "l2": 11.876206398010254
    },
    "Sadness-Surprise": {
      "cosine": 0.8837872743606567,
      "l2": 13.403170585632324
    },
    "Sadness-Other": {
      "cosine": 0.9182974696159363,
      "l2": 12.214275360107422
    },
    "Surprise-Other": {
      "cosine": 0.9208782315254211,
      "l2": 12.129768371582031
    }
  },
  "prototype_similarity": {
    "Anger-Contempt": {
      "cosine": 0.9864193201065063,
      "l2": 5.515744686126709
    },
    "Anger-Disgust": {
      "cosine": 0.9745240211486816,
      "l2": 4.666783809661865
    },
    "Anger-Fear": {
      "cosine": 0.9344192147254944,
      "l2": 8.339648246765137
    },
    "Anger-Happiness": {
      "cosine": 0.9381595253944397,
      "l2": 5.738903045654297
    },
    "Anger-Neutral": {
      "cosine": 0.9446721076965332,
      "l2": 7.481574535369873
    },
    "Anger-Sadness": {
      "cosine": 0.9382582306861877,
      "l2": 5.724551200866699
    },
    "Anger-Surprise": {
      "cosine": 0.9619182348251343,
      "l2": 4.540632247924805
    },
    "Anger-Other": {
      "cosine": 0.9546854496002197,
      "l2": 4.933365345001221
    },
    "Contempt-Disgust": {
      "cosine": 0.9821133613586426,
      "l2": 2.9312150478363037
    },
    "Contempt-Fear": {
      "cosine": 0.9352399110794067,
      "l2": 4.25061559677124
    },
    "Contempt-Happiness": {
      "cosine": 0.9330542683601379,
      "l2": 6.658168315887451
    },
    "Contempt-Neutral": {
      "cosine": 0.9537254571914673,
      "l2": 3.4959254264831543
    },
    "Contempt-Sadness": {
      "cosine": 0.93925940990448,
      "l2": 5.924304485321045
    },
    "Contempt-Surprise": {
      "cosine": 0.9505103826522827,
      "l2": 6.4947381019592285
    },
    "Contempt-Other": {
      "cosine": 0.9626613855361938,
      "l2": 5.3312458992004395
    },
    "Disgust-Fear": {
      "cosine": 0.9521121382713318,
      "l2": 5.1059651374816895
    },
    "Disgust-Happiness": {
      "cosine": 0.9120707511901855,
      "l2": 6.662252426147461
    },
    "Disgust-Neutral": {
      "cosine": 0.9130212664604187,
      "l2": 5.662153244018555
    },
    "Disgust-Sadness": {
      "cosine": 0.9397342205047607,
      "l2": 5.305306434631348
    },
    "Disgust-Surprise": {
      "cosine": 0.947762131690979,
      "l2": 5.673679351806641
    },
    "Disgust-Other": {
      "cosine": 0.9448076486587524,
      "l2": 5.204745769500732
    },
    "Fear-Happiness": {
      "cosine": 0.9123361110687256,
      "l2": 8.232662200927734
    },
    "Fear-Neutral": {
      "cosine": 0.9223364591598511,
      "l2": 4.041868209838867
    },
    "Fear-Sadness": {
      "cosine": 0.9658974409103394,
      "l2": 6.49705696105957
    },
    "Fear-Surprise": {
      "cosine": 0.9338095188140869,
      "l2": 8.194622993469238
    },
    "Fear-Other": {
      "cosine": 0.955895721912384,
      "l2": 6.879960060119629
    },
    "Happiness-Neutral": {
      "cosine": 0.9664660692214966,
      "l2": 6.4293437004089355
    },
    "Happiness-Sadness": {
      "cosine": 0.9206826686859131,
      "l2": 6.247825622558594
    },
    "Happiness-Surprise": {
      "cosine": 0.9672268033027649,
      "l2": 4.154868125915527
    },
    "Happiness-Other": {
      "cosine": 0.9395797252655029,
      "l2": 5.475219249725342
    },
    "Neutral-Sadness": {
      "cosine": 0.9507458209991455,
      "l2": 6.194314479827881
    },
    "Neutral-Surprise": {
      "cosine": 0.9423503875732422,
      "l2": 7.383264541625977
    },
    "Neutral-Other": {
      "cosine": 0.9671350717544556,
      "l2": 5.917262554168701
    },
    "Sadness-Surprise": {
      "cosine": 0.9223570227622986,
      "l2": 6.3201823234558105
    },
    "Sadness-Other": {
      "cosine": 0.9672619104385376,
      "l2": 3.9215831756591797
    },
    "Surprise-Other": {
      "cosine": 0.9601918458938599,
      "l2": 4.57891321182251
    }
  }
}